site,0.2512,0.3981,0.631
0_M,0.0,0.0,0.0
1_T,0.0,0.0,0.6930753704577135
2_Y,0.0,0.0,0.0
3_K,0.0,0.0,0.8015170963206814
4_L,0.0,0.0,0.0
5_I,0.0,0.1275874345655053,0.4887424143312991
6_L,0.0,0.0,1.0788389573343466
7_N,0.0,0.0,0.0
8_G,0.0,0.0,0.0
9_K,0.0,0.010147456161249116,1.1608158499812395
10_T,0.0,0.0,0.0
11_L,0.0,0.0,0.0
12_K,0.0,0.0,0.23505405760832315
13_G,0.0,0.0,0.0
14_E,0.0,0.0,0.0
15_T,0.0,0.0,0.6539069429341366
16_T,0.0,0.0,0.0
17_T,0.0,0.0,0.0
18_E,0.0,0.0,0.0
19_A,0.0,0.0,0.0
20_V,0.0,0.0,0.07073412809657041
21_D,0.0,0.0,0.0
22_A,0.0,0.2719522775293874,0.5618069428812993
23_A,0.0,0.7798463628365891,1.1940131179426345
24_T,0.0,0.0,0.0
25_A,0.0,0.0,0.0
26_E,0.0,0.797299214095402,1.3445224407436651
27_K,0.0,1.7295218193435011,1.7210503015736298
28_V,0.0,0.0,0.6615471064137932
29_F,0.0,0.0,0.0
30_K,0.0,1.3936606884440312,2.1419366176690446
31_Q,0.0,1.6731784978573614,2.202507072201918
32_Y,0.0,0.0,0.0
33_A,0.0,0.0,0.09270514689308984
34_N,0.0,2.177473545191601,2.0776258796127616
35_D,0.0,0.32312485790455425,1.549779311110636
36_N,0.0,0.1862623044855048,0.7965881053016115
37_G,0.0,0.0,0.8074485804569309
38_V,0.0,0.0,1.1606020460937536
39_D,0.10812968125546617,1.0253595542311074,2.177545805769462
40_G,0.0,0.0,0.0
41_E,0.0,1.0082667593431296,1.6003819454590074
42_W,0.0,0.0,0.18467440412887598
43_T,0.0,1.2082227287048741,1.3176971855410824
44_Y,0.0,0.5031667310834276,0.5055277917967307
45_D,0.0,0.10812968125546617,0.14599525711099626
46_D,0.0,1.0164647657567834,1.371464802557159
47_A,0.21586480813933445,1.5907385409628698,1.9568220312372537
48_T,0.0,0.5077207046735401,0.5518953751934392
49_K,0.0,0.5052476838875627,1.4806040997634582
50_T,0.0,0.03319543773125316,0.1767067955392883
51_F,0.0,0.0,0.0
52_T,0.0,0.0,0.8780718530832248
53_V,0.0,0.10307511051610355,0.8905645143565915
54_T,0.0,0.3633659080899323,1.2437927410734329
55_E,0.0,0.6009085983823619,1.5989014619927684
